address,current_balance,balance_eth,tx_count,total_volume,volume_eth,net_flow,net_flow_eth,total_fees_eth,last_active,is_contract,wallet_type,exchange,wallet_category,days_since_active,profitability_score
0xf5213a6a2f0890321712520b8048D9886c1A9900,4944960388670023559,4.944960388670023,1,0,0.0,0,0.0,0.005260351251218602,2025-03-19 21:08:59.372899,False,eoa,,intermediate,0,2.0779841554680094
0x20011FA1A83BBa9c8357F852EC667d8439a7da4A,562162241284618590,0.5621622412846186,1,787033621092501,0.000787033621092501,-787033621092501,-0.000787033621092501,0.0003197084736,2025-03-19 21:08:59.684831,False,eoa,,intermediate,0,0.3251010066001752
0x5050F69a9786F081509234F1a7F4684b5E5b76C9,549587890881082201960,549.5878908810822,1,0,0.0,0,0.0,0.000113602347432,2025-03-19 21:09:00.023854,False,eoa,,intermediate,0,219.9351563524329
0xFf00000000000000000000000000000000008453,56577500000000,5.65775e-05,1,0,0.0,0,0.0,0.0,2025-03-19 21:09:00.180258,False,eoa,,intermediate,0,0.100022631
0x9bC5A1d65cb56288C0d110Ce2Da3D0aFB3F573cd,88645019001778677000,88.64501900177868,14,2800000000000000,0.0028,-2800000000000000,-0.0028,0.00504,2025-03-19 21:10:41.866106,False,eoa,,intermediate,0,36.85884760071147
0x6229129417F0D04Be65865fe384F7a8751aC2bc7,200000000000000,0.0002,1,200000000000000,0.0002,200000000000000,0.0002,0.0,2025-03-19 21:09:00.489165,False,eoa,,intermediate,0,0.10018
0xc50898B981Dd8ea9E86c2e87f8a6DEcDEd7ee7cE,1228502713431000,0.001228502713431,1,1083451048003064000,1.083451048003064,-1083451048003064000,-1.083451048003064,7.1392347432e-05,2025-03-19 21:09:00.635989,False,eoa,,intermediate,0,0.4255267154862915
0x841c38e22Fe0F40b97E931600515892aFb59e350,71508536192656720403,71.50853619265672,3,1326831678240034440,1.3268316782400345,1326583106526454760,1.3265831065264548,7.1529701523e-05,2025-03-19 21:10:07.441563,False,eoa,,intermediate,0,29.56678060183999
0x20A53dCb196cD2bcc14Ece01F358f1C849aA51dE,30604017153720865075,30.604017153720864,1,0,0.0,0,0.0,0.001319456367060264,2025-03-19 21:09:00.927259,False,eoa,,intermediate,0,12.341606861488346
0x68AAf929b2D9F08339b28a12740acD3545C3f93F,17973476167922533123,17.973476167922534,1,228906279225000,0.000228906279225,-228906279225000,-0.000228906279225,7.1392347432e-05,2025-03-19 21:09:01.328820,False,eoa,,intermediate,0,7.289459139052782
0x04c45B32d931E5c9f4bcd0044F83f00fFCdc24D1,228906279225000,0.000228906279225,1,228906279225000,0.000228906279225,228906279225000,0.000228906279225,0.0,2025-03-19 21:09:01.490844,False,eoa,,intermediate,0,0.10020601565130251
0x9c275D85a76EdF7A48863BfDb7B983a24cc18A85,1505648372613000,0.001505648372613,1,49131255663635000,0.049131255663635,-49131255663635000,-0.049131255663635,7.1392347432e-05,2025-03-19 21:09:01.640883,False,eoa,,intermediate,0,0.1153416360481357
0xCe9D9689A7F9c713b23203B177a3F69Ceb4B5E26,17155659175273504433,17.155659175273506,1,49131255663635000,0.049131255663635,49131255663635000,0.049131255663635,0.0,2025-03-19 21:09:01.800950,False,eoa,,intermediate,0,6.98682929794122
0xAe7a35f5e9172c4F79f8FFD184553A048FbAef00,155017786470629243,0.15501778647062925,1,0,0.0,0,0.0,0.00021580321968,2025-03-19 21:09:01.950795,False,eoa,,intermediate,0,0.1620071145882517
0xE4613aF9ecdF8db83707546Af9d4Bd9dA76CE504,1684924313487837750,1.6849243134878378,1,0,0.0,0,0.0,0.000450394547419344,2025-03-19 21:09:02.235972,False,eoa,,intermediate,0,0.7739697253951351
0x253C769ea2D1e9914505577f8Ef01E0DEe5e7177,0,0.0,1,48450640543515000,0.048450640543515,-48450640543515000,-0.048450640543515,5.2429456485e-05,2025-03-19 21:09:02.592966,False,eoa,,intermediate,0,0.11453519216305451
0xd7D33571A33D1a329F35b02A3fF3C90578126992,48450640543515000,0.048450640543515,1,48450640543515000,0.048450640543515,48450640543515000,0.048450640543515,0.0,2025-03-19 21:09:02.746233,False,eoa,,intermediate,0,0.1436055764891635
0xeF1eC136931Ab5728B0783FD87D109c9D15D31F1,499932958980830704,0.4999329589808307,1,28012629884179933971,28.012629884179933,-28012629884179933971,-28.012629884179933,8.144363199248e-05,2025-03-19 21:09:02.876669,False,eoa,,intermediate,0,8.703762148846312
0x12fc30BA94407D0aFff5E7955b32349e19d85c5C,12927294906105,1.2927294906105e-05,1,0,0.0,0,0.0,0.000110702388765736,2025-03-19 21:09:03.192890,False,eoa,,intermediate,0,0.10000517091796245
0xa606b554cD7D60D2DA9EDFBc1D4C06c5d399321B,999129128149706536,0.9991291281497066,1,0,0.0,0,0.0,0.000635982619854536,2025-03-19 21:09:03.547874,False,eoa,,intermediate,0,0.49965165125988265
0x77f8d5b6c1975EE587756816DD53Cede24397AE6,4586690229760760,0.00458669022976076,1,0,0.0,0,0.0,0.00034794716084,2025-03-19 21:09:03.851294,False,eoa,,intermediate,0,0.1018346760919043
0x9Ac972040d106106a80b20BE105eA7405d179679,1230347075488785,0.001230347075488785,1,299000000000000000,0.299,-299000000000000000,-0.299,5.0392347432e-05,2025-03-19 21:09:04.174740,False,eoa,,intermediate,0,0.1901921388301955
0x1bAc08001D761C303901d5E32273a24c07D3f3Da,223415644793955384818,223.41564479395538,1,299000000000000000,0.299,299000000000000000,0.299,0.0,2025-03-19 21:09:04.311656,False,eoa,,intermediate,0,89.61575791758214
0x28C6c06298d514Db089934071355E5743bf21d60,197527656899399022689008,197527.65689939904,4,0,0.0,0,0.0,0.00199083639580488,2025-03-19 21:10:04.727542,False,eoa,,intermediate,0,4000.4
0x21a31Ee1afC51d94C2eFcCAa2092aD1028285549,25927116583144521753186,25927.11658314452,2,0,0.0,0,0.0,0.000994063441799552,2025-03-19 21:09:10.486028,False,eoa,,intermediate,0,4000.2
0xf89d7b9c864f589bbF53a82105107622B35EaA40,164615756994306006773052,164615.756994306,1,0,0.0,0,0.0,0.00021596720328,2025-03-19 21:09:05.056933,False,eoa,,intermediate,0,4000.1
0x1455152b7e56AB1D2C03f60FdF92eA1FB5d9447c,199002905514545946486,199.00290551454594,1,20000000000000000,0.02,-20000000000000000,-0.02,5.0392347432e-05,2025-03-19 21:09:05.201338,False,eoa,,intermediate,0,79.70716220581838
0x1b27e85dF835A9213CE96EEdE461Bd2Ce44DD8DF,20288605751848538,0.02028860575184854,1,20000000000000000,0.02,20000000000000000,0.02,0.0,2025-03-19 21:09:05.374990,False,eoa,,intermediate,0,0.11811544230073942
0xC97Bb42F0734Bb89CC70523994a0C4c3df49666e,49360447709343000,0.049360447709343,1,49308127652568000,0.049308127652568,-49308127652568000,-0.049308127652568,5.0392347432e-05,2025-03-19 21:09:05.526335,False,eoa,,intermediate,0,0.13453661737950762
0x7BDb61d76aB2237102a7203dA24816eF0A6408F6,109667889034593056707,109.66788903459306,3,127956417951045000,0.127956417951045,29588337951045000,0.029588337951045,5.0392347432e-05,2025-03-19 21:10:08.284578,False,eoa,,intermediate,0,44.211460206812745
0xB3C5713170327ddCb69150f7Ff0BD0a1D7c2D2F1,291096992374000,0.000291096992374,1,1600000000000000,0.0016,-1600000000000000,-0.0016,5.79511995468e-05,2025-03-19 21:09:05.815498,False,eoa,,intermediate,0,0.1005964387969496
0x269996c1d26E6Ab9ae13B540CcFE1a08FA39D040,16152482447443138,0.016152482447443137,1,1600000000000000,0.0016,1600000000000000,0.0016,0.0,2025-03-19 21:09:06.018279,False,eoa,,intermediate,0,0.10726099297897726
0xFd310EF0ab0057bc6A4A435b10fe538c389f0895,493217794673398528158,493.21779467339854,1,0,0.0,0,0.0,0.0010798360164,2025-03-19 21:09:06.160098,False,eoa,,intermediate,0,197.38711786935943
0x0eb3AB3545BFC6ed39e4033EA54e643f9A73bD6d,49184040000000000,0.04918404,1,49184040000000000,0.04918404,49184040000000000,0.04918404,0.0,2025-03-19 21:09:06.448484,False,eoa,,intermediate,0,0.144265636
0xA9Ac43f5b5e38155A288d1A01D2cbc4478E14573,55354204628725683226747,55354.20462872568,1,24287170000000000,0.02428717,-24287170000000000,-0.02428717,0.00050392347432,2025-03-19 21:09:06.620952,False,eoa,,intermediate,0,4000.1072861509997
0x702d9A892167BFCd1380e4A5d089C4c72EdfB293,24287170000000000,0.02428717,1,24287170000000000,0.02428717,24287170000000000,0.02428717,0.0,2025-03-19 21:09:06.778209,False,eoa,,intermediate,0,0.121858453
0xaAF61cE5F27fc2E40EC6e1cF943D483ae4d28ED8,5193718571730285748,5.193718571730286,1,0,0.0,0,0.0,0.00074388703352,2025-03-19 21:09:06.940604,False,eoa,,intermediate,0,2.1774874286921144
0x559432E18b281731c054cD703D4B49872BE4ed53,37430936621868657302,37.43093662186866,2,0,0.0,0,0.0,0.00100784694864,2025-03-19 21:09:09.991869,False,eoa,,intermediate,0,15.172374648747464
0x20DEEaeB24dc1fc5DfBb2A527210EC7040435258,1330274890209230822,1.3302748902092307,1,200000000000000000,0.2,-200000000000000000,-0.2,0.0006108872308334,2025-03-19 21:09:07.458811,False,eoa,,intermediate,0,0.6921099560836922
0x4ECfa5A29bdFc199d5270dd3e99142a62EEAB43F,143756811882602461,0.14375681188260245,1,11000000000000000,0.011,-11000000000000000,-0.011,0.00130753743772488,2025-03-19 21:09:07.625769,False,eoa,,intermediate,0,0.16080272475304097
0x1245B76efD080348d75364CfcF9F46Ab9764087d,22953000950599143,0.022953000950599142,1,830000000000000000,0.83,-830000000000000000,-0.83,0.00056611003068668,2025-03-19 21:09:07.795300,False,eoa,,intermediate,0,0.3581812003802396
0x0A357f9273dF24767135EC7322407E07994EE207,14555126758327936,0.014555126758327937,1,426611825723402719,0.4266118257234027,-426611825723402719,-0.4266118257234027,0.00063717523874376,2025-03-19 21:09:07.951668,False,eoa,,intermediate,0,0.23380559842035198
0xdf49640412a9c20e0c682A32D5634e8329b01CE0,439003768973976150,0.43900376897397614,1,0,0.0,0,0.0,0.0008398724572,2025-03-19 21:09:08.084804,False,eoa,,intermediate,0,0.27560150758959046
0x607bE268A83433c087903D8d20089185d3750Be9,0,0.0,1,19259312992324000,0.019259312992324,-19259312992324000,-0.019259312992324,4.2e-05,2025-03-19 21:09:08.238844,False,eoa,,intermediate,0,0.1057777938976972
0xA023f08c70A23aBc7EdFc5B6b5E171d78dFc947e,180713318017854324775143,180713.31801785433,2,32217312992324000,0.032217312992324,32217312992324000,0.032217312992324,0.0,2025-03-19 21:10:41.866091,False,eoa,,intermediate,0,4000.2161086564956
0xAe45a8240147E6179ec7c9f92c5A18F9a97B3fCA,10840994390212380090,10.84099439021238,4,413264000000000,0.000413264,-413264000000000,-0.000413264,0.000168,2025-03-19 21:10:09.853115,False,eoa,,intermediate,0,4.736521735284952
0xc5E5E5c7a1c7cc938389dC0A90Ef8271007c6732,120000000000000,0.00012,1,119050000000000,0.00011905,119050000000000,0.00011905,0.0,2025-03-19 21:09:08.713548,False,eoa,,intermediate,0,0.100107525
0x68dDa78200E6588fbA2A6Ae366752ecf62276ec5,200000000000000,0.0002,1,200000000000000,0.0002,200000000000000,0.0002,0.0,2025-03-19 21:09:08.859825,False,eoa,,intermediate,0,0.10018
0x6D87e7F56Ee34bf1aA17A09eDfF3d3E2f326F825,200000000000000,0.0002,1,200000000000000,0.0002,200000000000000,0.0002,0.0,2025-03-19 21:09:09.023223,False,eoa,,intermediate,0,0.10018
0x7005c9D9A0Acc94B2c4983A11fBfeA2bbaDc7B5c,300000000000000,0.0003,1,200000000000000,0.0002,200000000000000,0.0002,0.0,2025-03-19 21:09:09.192885,False,eoa,,intermediate,0,0.10022
0x719c7Cc5311A464b73120E7c129feee201f936f2,200000000000000,0.0002,1,200000000000000,0.0002,200000000000000,0.0002,0.0,2025-03-19 21:09:09.340403,False,eoa,,intermediate,0,0.10018
0x735443Ed4fda36469dC224966ae19e8Ce8Aad736,200000000000000,0.0002,1,200000000000000,0.0002,200000000000000,0.0002,0.0,2025-03-19 21:09:09.492141,False,eoa,,intermediate,0,0.10018
0x473300df21D047806A082244b417f96b32f13A33,101576391154191055311,101.57639115419106,1,80000000000000000,0.08,-80000000000000000,-0.08,0.000601748129339744,2025-03-19 21:09:09.684846,False,eoa,,intermediate,0,40.75455646167643
0x58edF78281334335EfFa23101bBe3371b6a36A51,62092865608661688920,62.09286560866169,4,0,0.0,0,0.0,0.0009797449144,2025-03-19 21:09:10.322849,False,eoa,,intermediate,0,25.237146243464675
0x49f3Aed91169Edfa6361Ac912092a11fF4Ea9733,117382000000000,0.000117382,1,40000000000000,4e-05,40000000000000,4e-05,0.0,2025-03-19 21:09:10.784199,False,eoa,,intermediate,0,0.10006695280000001
0x7369422fB9D763917D2731241ef29d3bd3f2dCDE,200000000000000,0.0002,1,200000000000000,0.0002,200000000000000,0.0002,0.0,2025-03-19 21:09:10.938941,False,eoa,,intermediate,0,0.10018
0xcef9Ad05d7693052FC4c1e30EDFE9c98B9B95722,72751474676074147,0.07275147467607415,2,0,0.0,0,0.0,0.000541277015777342,2025-03-19 21:09:50.318217,False,eoa,,intermediate,0,0.22910058987042967
0xdDB3cC4Dc30Ce0FCd9BbFc2a5F389B8C40aA023A,3797982783554654604,3.7979827835546547,1,0,0.0,0,0.0,0.000117726116543016,2025-03-19 21:09:11.411715,False,eoa,,intermediate,0,1.619193113421862
0xcBEA7739929cc6A2B4e46A1F6D26841D8d668b9E,44376399654641172870,44.376399654641176,2,0,0.0,0,0.0,0.00032,2025-03-19 21:10:08.284588,False,eoa,,intermediate,0,17.95055986185647
0x0D0707963952f2fBA59dD06f2b425ace40b492Fe,5661125144972213449842,5661.125144972213,2,11945940000000000,0.01194594,-11945940000000000,-0.01194594,0.00155327579366,2025-03-19 21:10:07.707486,False,eoa,,intermediate,0,2264.6536417708853
0x1E4a49952026d92D23CFa6e8ffB935eaF0D18600,11945940000000000,0.01194594,1,11945940000000000,0.01194594,11945940000000000,0.01194594,0.0,2025-03-19 21:09:12.196946,False,eoa,,intermediate,0,0.110751346
0x03599A2429871E6be1B154Fb9c24691F9D301865,218152770597982988837,218.152770597983,2,40000000000000000,0.04,-40000000000000000,-0.04,0.000699817796,2025-03-19 21:09:13.485508,False,eoa,,intermediate,0,87.47310823919321
0x8f0fA6Dfb90900A61d2186BE916099D8B18A6bCD,39935478643001508,0.03993547864300151,1,20000000000000000,0.02,20000000000000000,0.02,0.0,2025-03-19 21:09:12.507712,False,eoa,,intermediate,0,0.12597419145720062
0x043527849A82fc860eAD466cF71593D386943D30,188157302396681084,0.18815730239668108,1,0,0.0,0,0.0,3.154778624368e-05,2025-03-19 21:09:12.669695,False,eoa,,intermediate,0,0.17526292095867244
0xff00000000000000000000000000000000251202,0,0.0,1,0,0.0,0,0.0,0.0,2025-03-19 21:09:12.812622,False,eoa,,intermediate,0,0.1
0xb5d85CBf7cB3EE0D56b3bB207D5Fc4B82f43F511,19849092364221750323518,19849.09236422175,1,29298130000000000,0.02929813,-29298130000000000,-0.02929813,2.9392347432e-05,2025-03-19 21:09:12.969161,False,eoa,,intermediate,0,4000.108789439
0xF8Ba4dbF27fc984743011815222F50c7B85aa36D,29298130000000000,0.02929813,1,29298130000000000,0.02929813,29298130000000000,0.02929813,0.0,2025-03-19 21:09:13.129976,False,eoa,,intermediate,0,0.126368317
0x5b99FB854eFA37aD4DCbFcCB94af09f5D4CFb32d,823069192676751068,0.823069192676751,1,0,0.0,0,0.0,3.0226530244832e-05,2025-03-19 21:09:13.310624,False,eoa,,intermediate,0,0.4292276770707004
0xA77F057914FdC5473dc03dC88E4B84302FA1EEb6,0,0.0,1,0,0.0,0,0.0,0.0,2025-03-19 21:09:13.485490,False,eoa,,intermediate,0,0.1
0x7Fe1B4634F927ec54b7D97790e9Ea5b576aCf6bf,21298147814980268,0.021298147814980267,1,20000000000000000,0.02,20000000000000000,0.02,0.0,2025-03-19 21:09:13.678267,False,eoa,,intermediate,0,0.11851925912599212
0xb1b2d032AA2F52347fbcfd08E5C3Cc55216E8404,3491363345838041694,3.4913633458380415,3,0,0.0,0,0.0,0.004198906773,2025-03-19 21:09:14.020094,False,eoa,,intermediate,0,1.6965453383352167
0xf70da97812CB96acDF810712Aa562db8dfA3dbEF,504711810019388308974,504.7118100193883,3,13133132955662400,0.0131331329556624,-13133132955662400,-0.0131331329556624,0.000139097901446559,2025-03-19 21:10:16.779049,False,eoa,,intermediate,0,202.18866394764203
0x45dB9de488391c0BF7074B00Eec8c2C8bd1Eb04A,1273945874559393701,1.2739458745593937,1,0,0.0,0,0.0,0.000217533759951288,2025-03-19 21:09:14.330191,False,eoa,,intermediate,0,0.6095783498237575
0xe93685f3bBA03016F02bD1828BaDD6195988D950,17470653000485360425,17.47065300048536,2,0,0.0,0,0.0,0.003615939555798147,2025-03-19 21:09:50.318206,False,eoa,,intermediate,0,7.188261200194145
0x674707bE5bcCC2Fc303382Bb9890684f58866b74,9757202066546180,0.00975720206654618,1,0,0.0,0,0.0,6.2745e-05,2025-03-19 21:09:15.015448,False,eoa,,intermediate,0,0.10390288082661847
0x6928f5b0F0CE7aaea0D2e5E16253730B4A38D452,6243853461145299,0.006243853461145299,1,90000100000000,9.00001e-05,-90000100000000,-9.00001e-05,3.0682728137615e-05,2025-03-19 21:09:15.190877,False,eoa,,intermediate,0,0.10252454141445813
0x77A6ab7DC9096e7a311Eb9Bb4791494460F53c82,1202896307284659233,1.2028963072846592,3,235000300000000,0.0002350003,235000300000000,0.0002350003,0.0,2025-03-19 21:09:16.940030,False,eoa,,intermediate,0,0.7812760230638638
0xC4E7263Dd870A29f1cFe438D1A7DB48547B16888,7639343041499974689,7.639343041499974,1,0,0.0,0,0.0,0.001143680539784562,2025-03-19 21:09:15.482859,False,eoa,,intermediate,0,3.15573721659999
0xcaCc141576544e577DD620C1707E562592BB3096,4426977090111,4.426977090111e-06,1,4982674494000000,0.004982674494,-4982674494000000,-0.004982674494,1.8947032881e-05,2025-03-19 21:09:15.774063,False,eoa,,intermediate,0,0.10149657313903605
0xad4C346C40Bf337180A117111eefa9a6209346b5,63195816885078474,0.06319581688507847,1,4982674494000000,0.004982674494,4982674494000000,0.004982674494,0.0,2025-03-19 21:09:15.918053,False,eoa,,intermediate,0,0.1277696640010314
0x9d0068a025c956e2E961a07D047c058D37BdCC57,207549404142472820,0.20754940414247283,1,0,0.0,0,0.0,3.9756288422304e-05,2025-03-19 21:09:16.059617,False,eoa,,intermediate,0,0.18301976165698913
0xF0f763e3E3a2605B7fD66AF3be734476ED017Bb0,6124098394482851,0.006124098394482851,1,80000100000000,8.00001e-05,-80000100000000,-8.00001e-05,2.8686710021495e-05,2025-03-19 21:09:16.668263,False,eoa,,intermediate,0,0.10247363938779315
0x4Ceb670d844FD03a529F95e1D5196cBE34B88ed5,6249407365217851,0.006249407365217851,1,65000100000000,6.50001e-05,-65000100000000,-6.50001e-05,2.8686710021495e-05,2025-03-19 21:09:16.940025,False,eoa,,intermediate,0,0.10251926297608714
0xfc990AD9C022CBd1d368c49057a4C46503c3Ff23,9856142937001000,0.009856142937001,2,120000000000000,0.00012,-120000000000000,-0.00012,3.7922048955e-05,2025-03-19 21:10:14.957876,False,eoa,,intermediate,0,0.2039784571748004
0xe8876d4dcC5bECCDbFe45985a6f73e6E8111Be5e,60000000000000,6e-05,1,60000000000000,6e-05,60000000000000,6e-05,0.0,2025-03-19 21:09:17.552321,False,eoa,,intermediate,0,0.100054
0xEB592CcF8D853D304018a04199b9Ce33Edfb43E1,65538501219946036,0.06553850121994603,1,0,0.0,0,0.0,7.6072286023928e-05,2025-03-19 21:09:18.059027,False,eoa,,intermediate,0,0.1262154004879784
0xfA1f150d956c34bfebAd17503E5f1BE6e260A078,30822470552589911,0.030822470552589912,1,70000000000000000,0.07,-70000000000000000,-0.07,1.8892347432e-05,2025-03-19 21:09:18.512489,False,eoa,,intermediate,0,0.13332898822103598
0x1B556Eb4A3De163029360576d44cC3Add5445C07,977219010289689,0.000977219010289689,1,70000000000000000,0.07,70000000000000000,0.07,0.0,2025-03-19 21:09:19.038399,False,eoa,,intermediate,0,0.13539088760411588
0x786490F3a8F35a90205618b029c942eDFA9B3045,123907256210136,0.000123907256210136,1,0,0.0,0,0.0,0.000146728765784016,2025-03-19 21:09:19.188533,False,eoa,,intermediate,0,0.10004956290248405
0x237D588B47b7d052BbA340A49787095179D0A2c9,7472029957670352,0.007472029957670352,1,0,0.0,0,0.0,0.00013040667723836,2025-03-19 21:09:19.621021,False,eoa,,intermediate,0,0.10298881198306814
0x81BF83D4e082983aE3C21477016c6A1B2F454000,154882767369688,0.000154882767369688,1,500000000000000,0.0005,-500000000000000,-0.0005,0.000172751624918208,2025-03-19 21:09:20.208454,False,eoa,,intermediate,0,0.10021195310694789
0x437912F73fba52Ab2b3E225380e2539b9984Aaa1,166877239599444,0.000166877239599444,1,11320000000000000,0.01132,-11320000000000000,-0.01132,1.8892347432e-05,2025-03-19 21:09:20.667422,False,eoa,,intermediate,0,0.10346275089583978
0x489E0CdC41339d541d177ee8F0bFA5ffA8B931a6,73710000000000000,0.07371,1,11320000000000000,0.01132,11320000000000000,0.01132,0.0,2025-03-19 21:09:21.011061,False,eoa,,intermediate,0,0.13514400000000001
0x87f8bB75087A5C9d724EdA91bd2977E86E520944,4399309440744140,0.00439930944074414,1,0,0.0,0,0.0,0.000427437561377816,2025-03-19 21:09:21.160973,False,eoa,,intermediate,0,0.10175972377629766
0x7BDaedcbb1A52c22358Dda03128ddFA475F6AA46,133242947281877341,0.13324294728187733,1,0,0.0,0,0.0,7.0560218751744e-05,2025-03-19 21:09:21.640070,False,eoa,,intermediate,0,0.15329717891275094
0x71A28BFc616b2a0cC08866f5EEAcCce63F5E0F7B,6342677208000,6.342677208e-06,1,2216934975360000,0.00221693497536,-2216934975360000,-0.00221693497536,1.8892347432e-05,2025-03-19 21:09:22.171293,False,eoa,,intermediate,0,0.1006676175634912
0x98c1Fd7497D57c1219A7A5Fd448F4A3903a8A1A5,2216934975360000,0.00221693497536,1,2216934975360000,0.00221693497536,2216934975360000,0.00221693497536,0.0,2025-03-19 21:09:22.355427,False,eoa,,intermediate,0,0.101995241477824
0xa4740eB1B8C914f6E4c9884b01ACB819612ac864,990367125505396602,0.9903671255053966,1,0,0.0,0,0.0,4.7007758953184e-05,2025-03-19 21:09:22.677458,False,eoa,,intermediate,0,0.49614685020215865
0x56Ec0E46A155191b2722F14EE82eeEcFb4538a4F,9161025509111260,0.00916102550911126,1,0,0.0,0,0.0,6.3861532133712e-05,2025-03-19 21:09:23.210218,False,eoa,,intermediate,0,0.1036644102036445
0x92CA6cb241092c8f112C676721D3fDb89AB24A5a,5081091870957449,0.005081091870957449,1,17680000000000000,0.01768,-17680000000000000,-0.01768,0.000426556818133248,2025-03-19 21:09:23.669595,False,eoa,,intermediate,0,0.10733643674838299
0xBcB8A579D19994B24fE31d111CB70EEaf7546fD8,503955199726469520,0.5039551997264695,1,0,0.0,0,0.0,0.000244217776711096,2025-03-19 21:09:24.352002,False,eoa,,intermediate,0,0.30158207989058783
0xC08F846cdbdA1559716239bb53e9127c1378b543,51198726968062615970,51.198726968062616,1,699000000000000000,0.699,-699000000000000000,-0.699,0.000249398778085424,2025-03-19 21:09:25.336390,False,eoa,,intermediate,0,20.78919078722505
0x8227CD1705c82917cF1dBb39443f3838DC8919FA,157315074677269827,0.15731507467726982,1,15000000000000000,0.015,-15000000000000000,-0.015,3.8167939626192e-05,2025-03-19 21:09:25.839678,False,eoa,,intermediate,0,0.16742602987090793
0xF51710015536957A01f32558402902A2D9c35d82,3330151696734138378734,3330.1516967341386,1,0,0.0,0,0.0,0.00034248843170608,2025-03-19 21:09:26.190086,False,eoa,,intermediate,0,1332.1606786936554
0xDfb7CB77c30312885c621E24A6D316f55FF60BE0,2057013782276430,0.00205701378227643,1,0,0.0,0,0.0,4.5154340583165e-05,2025-03-19 21:09:26.715927,False,eoa,,intermediate,0,0.10082280551291058
0x791c07fAbE757A0e12Dbe1197603a5A67eA18E8b,1091454180774213151,1.091454180774213,1,262083043,2.62083043e-10,-262083043,-2.62083043e-10,0.00020043290119056,2025-03-19 21:09:26.884984,False,eoa,,intermediate,0,0.5365816723883102
0xD38Cf87F114f2a0582c329Fb9df4f7044CE71330,13135226050438374613,13.135226050438375,1,0,0.0,0,0.0,0.0002699453388,2025-03-19 21:09:27.377643,False,eoa,,intermediate,0,5.35409042017535
0x00051d55999c7cd91B17Af7276cbecD647dBC000,34133539921454535941,34.133539921454535,2,25720978841210807,0.025720978841210808,-25720978841210807,-0.025720978841210808,0.000162877164391602,2025-03-19 21:10:14.008617,False,eoa,,intermediate,0,13.861132262234177
0x0002426c423a4eA9ee3EcC83984B54D86fcA0240,14819268487005264,0.014819268487005264,1,20286571821825,2.0286571821825e-05,-20286571821825,-2.0286571821825e-05,1.2243655935e-05,2025-03-19 21:09:28.390592,False,eoa,,intermediate,0,0.10593379336634866
0x1Bf8A5F5Ee05aC6fc8c8f8BA6a6245B5529Fe1e0,2798549928000,2.798549928e-06,2,20286571821825,2.0286571821825e-05,20286571821825,2.0286571821825e-05,2.0286571821825e-05,2025-03-19 21:09:28.535220,False,eoa,,intermediate,0,0.20001126270588213
0xB23cDC4d840b03f304c85552Cf2B43f96E5bD320,896675298111239,0.000896675298111239,1,0,0.0,0,0.0,2.58388272e-05,2025-03-19 21:09:29.013780,False,eoa,,intermediate,0,0.1003586701192445
0x5189fae4d03F73Ed3f639a50eC2ba171b251D404,0,0.0,1,25380360703849747,0.025380360703849747,-25380360703849747,-0.025380360703849747,2.1e-05,2025-03-19 21:09:29.399933,False,eoa,,intermediate,0,0.10761410821115493
0xb3195376638357F6d3c33C31A4394fe84ce0ea20,12479153253000,1.2479153253e-05,1,25380360703849747,0.025380360703849747,25380360703849747,0.025380360703849747,0.0,2025-03-19 21:09:29.558150,False,eoa,,intermediate,0,0.11269517201322608
0x981dF91B4769f48adDEf36379A373295528BD8e6,9474999110522153,0.009474999110522154,1,0,0.0,0,0.0,3.943102799736e-05,2025-03-19 21:09:29.860547,False,eoa,,intermediate,0,0.10378999964420886
0x1AB4973a48dc892Cd9971ECE8e01DcC7688f8F23,3143646977070370830762,3143.6469770703707,1,0,0.0,0,0.0,5.49760292e-05,2025-03-19 21:09:30.384473,False,eoa,,intermediate,0,1257.5587908281482
0x03D0D021cff4faDA9f1a4392393cf43079830d33,0,0.0,1,864805432936000,0.000864805432936,-864805432936000,-0.000864805432936,1.7534567064e-05,2025-03-19 21:09:30.554488,False,eoa,,intermediate,0,0.1002594416298808
0xCBeaF14F4d079Fd831F188818Cfd848a43bE08f6,2038151255621153,0.002038151255621153,1,864805432936000,0.000864805432936,864805432936000,0.000864805432936,0.0,2025-03-19 21:09:30.725718,False,eoa,,intermediate,0,0.10124766321871646
0x368dEC1eB6e533119F8740c15613144bf5a668cA,2953670678590220783,2.9536706785902207,1,10353664,1.0353664e-11,-10353664,-1.0353664e-11,9.5086894946928e-05,2025-03-19 21:09:30.986153,False,eoa,,intermediate,0,1.2814682714391945
0x1A4d81F66AA1430E9327c8279DDf0bf74CACc3dF,12385483240866059,0.012385483240866059,1,0,0.0,0,0.0,3.9890083502808e-05,2025-03-19 21:09:31.433333,False,eoa,,intermediate,0,0.10495419329634643
0xfBf00d5cfDFD37E6631C7f4729c94B869BD0Fda1,0,0.0,1,20010958716808560,0.02001095871680856,-20010958716808560,-0.02001095871680856,1.1070714564e-05,2025-03-19 21:09:31.590834,False,eoa,,intermediate,0,0.10600328761504257
0xC94eBB328aC25b95DB0E0AA968371885Fa516215,2045806322941523174768,2045.8063229415231,11,619007763122634973,0.619007763122635,607322001446078407,0.6073220014460784,0.000160870850613,2025-03-19 21:10:40.379981,False,eoa,,intermediate,0,819.7296959058355
0x54639333917e220e762752491622b006994761D1,0,0.0,1,18829629285436000,0.018829629285436,-18829629285436000,-0.018829629285436,1.1070714564e-05,2025-03-19 21:09:32.032525,False,eoa,,intermediate,0,0.1056488887856308
0x79E3dCbEF9B63E32e74a3eA1FD6Bbd8d5B574683,0,0.0,1,491702904667770046,0.49170290466777006,-491702904667770046,-0.49170290466777006,1.0960741113e-05,2025-03-19 21:09:32.186974,False,eoa,,intermediate,0,0.247510871400331
0xbcB07096Ef749FEE755Ce885003e5ccfDe54920F,0,0.0,1,9983774804233084,0.009983774804233084,-9983774804233084,-0.009983774804233084,1.0960741113e-05,2025-03-19 21:09:32.480513,False,eoa,,intermediate,0,0.10299513244126993
0x5e599423de7EE24dADbd453c47aF60155dE6b9AC,0,0.0,1,18575989258887000,0.018575989258887,-18575989258887000,-0.018575989258887,1.0960741113e-05,2025-03-19 21:09:32.642918,False,eoa,,intermediate,0,0.10557279677766611
0xeE4057a41bdA5aC6081DaE4811535Fee42109f90,0,0.0,1,35004019258887000,0.035004019258887,-35004019258887000,-0.035004019258887,1.0960741113e-05,2025-03-19 21:09:32.803817,False,eoa,,intermediate,0,0.1105012057776661
0x11084E8aD932B2A6550F95e2ffCe8f839DE1Fa9a,21588147699827729,0.02158814769982773,1,123011518798620310,0.12301151879862031,-123011518798620310,-0.12301151879862031,0.00017495739525064,2025-03-19 21:09:33.101175,False,eoa,,intermediate,0,0.14553871471951718
0xE0480C319a02E822311e85349587476655bc1Cd9,6707002747395767,0.006707002747395767,1,0,0.0,0,0.0,3.5157857702264e-05,2025-03-19 21:09:33.603798,False,eoa,,intermediate,0,0.10268280109895832
0x0903df89997Ef0a1705e0068Ea63c0dc2F37E2d5,3145793277781245,0.003145793277781245,1,1000000000000,1e-06,-1000000000000,-1e-06,1.0574287669088e-05,2025-03-19 21:09:34.144015,False,eoa,,intermediate,0,0.1012586173111125
0xFd88Df4D3cE47C2A2E0FD7744b11BcC633113d04,1006891096000,1.006891096e-06,1,1000000000000,1e-06,1000000000000,1e-06,0.0,2025-03-19 21:09:34.303639,False,eoa,,intermediate,0,0.1000009027564384
0x437991bd165994fe752Dec469027D0d1Db3dB1BC,364654686907251944,0.36465468690725195,2,6565834296371552,0.006565834296371552,-6565834296371552,-0.006565834296371552,2.128700209922e-05,2025-03-19 21:10:22.645812,False,eoa,,intermediate,0,0.34783162505181225
0x4B5B05bc5dd11d20fb3A38f1A1Df11ac4af06702,0,0.0,2,3300618831001068,0.003300618831001068,3298618831001068,0.003298618831001068,1.0712714430132e-05,2025-03-19 21:10:22.418414,False,eoa,,intermediate,0,0.20164990941550054
0x90dBb1EEB88194db3C046cfeF56D77B38f62529D,2126598353175366310,2.1265983531753663,1,1000000000000000000,1.0,-1000000000000000000,-1.0,0.000241799143610432,2025-03-19 21:09:35.106798,False,eoa,,intermediate,0,1.2506393412701466
0x06F3D8450CB3F4d6c00F7a37e5491709c350c9c4,0,0.0,1,0,0.0,0,0.0,2.645717412884e-05,2025-03-19 21:09:35.631112,False,eoa,,intermediate,0,0.1
0xa74eB47C02F9A074202afC8428Ce29eEc3892eEd,263341563456234,0.000263341563456234,2,0,0.0,0,0.0,0.000129007067673656,2025-03-19 21:10:14.957866,False,eoa,,intermediate,0,0.20010533662538252
0xAAe36B4Bc11B3423E6F5415ABBf180C71f77f5e1,3514211161048838,0.003514211161048838,1,0,0.0,0,0.0,2.9159646814643e-05,2025-03-19 21:09:36.232363,False,eoa,,intermediate,0,0.10140568446441954
0x21BAcBEfaE26ce58118c8a6061adf170c33D5cDA,10262578696876905,0.010262578696876905,1,0,0.0,0,0.0,8.4566562872176e-05,2025-03-19 21:09:36.402337,False,eoa,,intermediate,0,0.10410503147875076
0xFf321F2F21439AA1A8977E429f06af83cF7eB6E1,1594627034968544,0.001594627034968544,1,10000000000000,1e-05,-10000000000000,-1e-05,0.000139997189018344,2025-03-19 21:09:36.821460,False,eoa,,intermediate,0,0.10064085081398742
0xFb19ffd1Ff9316b7f5Bba076eF4b78E4bBeDf4E1,27348491041500163900,27.348491041500164,1,0,0.0,0,0.0,2.0293505427314e-05,2025-03-19 21:09:37.294197,False,eoa,,intermediate,0,11.039396416600066
0x5687872EB3cba26ee20945E62647b438D309Ff0E,2953634945089790794,2.953634945089791,1,10998272,1.0998272e-11,-10998272,-1.0998272e-11,0.000146252239790688,2025-03-19 21:09:37.450578,False,eoa,,intermediate,0,1.281453978039216
0xC7899Ff6A3aC2FF59261bD960A8C880DF06E1041,6429123274674890677,6.4291232746748905,1,0,0.0,0,0.0,0.00043011739678545,2025-03-19 21:09:37.728992,False,eoa,,intermediate,0,2.6716493098699563
0x7fD106F0Bf1544a2E65C60d1717E5A4B22Cbf92e,24629312416209931,0.02462931241620993,1,104467516938832685,0.10446751693883269,-104467516938832685,-0.10446751693883269,8.856571647e-05,2025-03-19 21:09:38.252670,False,eoa,,intermediate,0,0.14119198004813377
0xCa7A11e2804FC3ebF55E973A562975503DfB59f0,2980336787467448623,2.9803367874674485,1,3000000000000000,0.003,-3000000000000000,-0.003,0.003549086990717868,2025-03-19 21:09:38.642687,False,eoa,,intermediate,0,1.2930347149869794
0x9F05F8e61BBBd5F37421dcFB80E75D8f7dDC10BE,0,0.0,1,250016592000,2.50016592e-07,-250016592000,-2.50016592e-07,8.768592882e-06,2025-03-19 21:09:39.014119,False,eoa,,intermediate,0,0.10000007500497761
0x2Fe0E40e2fFE654481Fee75BB2cB7e4EEbB11a1b,9875853719302240,0.00987585371930224,1,250016592000,2.50016592e-07,250016592000,2.50016592e-07,0.0,2025-03-19 21:09:39.368302,False,eoa,,intermediate,0,0.1039504664960169
0x9b62d40dFEa74f061411072D51883aAcDC6d4553,3726174709,3.726174709e-09,1,1386027981407118000,1.386027981407118,-1386027981407118000,-1.386027981407118,8.768592882e-06,2025-03-19 21:09:39.522398,False,eoa,,intermediate,0,0.5158083959126052
0xFff90FDCbeaE7d51F340e6EA798F4e844B280696,13958000000000000,0.013958,1,1386027981407118000,1.386027981407118,1386027981407118000,1.386027981407118,0.0,2025-03-19 21:09:40.096540,False,eoa,,intermediate,0,0.798597190703559
0xDfd122610A14Ac12D934898c02dBEc1f72708116,59715550365375888719,59.71555036537589,1,736332100000000000,0.7363321,-736332100000000000,-0.7363321,0.000114907816646148,2025-03-19 21:09:40.545978,False,eoa,,intermediate,0,24.20711977615036
0x974CaA59e49682CdA0AD2bbe82983419A2ECC400,4233741817500059167639,4233.741817500059,6,4067924540000000000,4.06792454,-4067924540000000000,-4.06792454,0.00146162169846,2025-03-19 21:09:45.146614,False,eoa,,intermediate,0,1695.3171043620237
0x1bdeC40Cec9c211d74D1F934D0D361b55e005051,12479153253000,1.2479153253e-05,1,3307396440000000000,3.30739644,3307396440000000000,3.30739644,0.0,2025-03-19 21:09:41.666724,False,eoa,,intermediate,0,1.7537032116613014
0xE909C6D305D98212D589b9f6059d74235FFDab55,91889821541000,9.1889821541e-05,1,760999999982000,0.000760999999982,-760999999982000,-0.000760999999982,8.680848477e-06,2025-03-19 21:09:42.706900,False,eoa,,intermediate,0,0.100265055928611
0x252Bc038D5079BB385907d25B5F3DC8A07f3A3EA,164212374571575400,0.1642123745715754,1,760999999982000,0.000760999999982,760999999982000,0.000760999999982,0.0,2025-03-19 21:09:43.241814,False,eoa,,intermediate,0,0.16606544982862115
0xB23c6d92f2e542b4B5006580Ec47270af3eBD320,5096141588904199613,5.096141588904199,2,0,0.0,0,0.0,5.991773070375e-05,2025-03-19 21:10:25.113568,False,eoa,,intermediate,0,2.23845663556168
0x77DaE45695ceFD9D1bf348D0bf1e5f23427502AA,639113949216609673,0.6391139492166097,1,58000000000000000,0.058,-58000000000000000,-0.058,0.00012493778367548,2025-03-19 21:09:43.668036,False,eoa,,intermediate,0,0.37304557968664387
0x5baBE600b9fCD5fB7b66c0611bF4896D967b23A1,3307552171847738075,3.307552171847738,1,436851971755344,0.000436851971755344,-436851971755344,-0.000436851971755344,8.602347432e-06,2025-03-19 21:09:44.026148,False,eoa,,intermediate,0,1.423151924330622
0xb6c779d938EFA925334eD7DB912400d3df72896f,846081513232767,0.000846081513232767,1,436851971755344,0.000436851971755344,436851971755344,0.000436851971755344,0.0,2025-03-19 21:09:44.183663,False,eoa,,intermediate,0,0.10055685859117078
0xEAb148868ACb5bA7f1AFDfC1c583fEE248475e59,469870777125372,0.000469870777125372,1,983702508687323,0.000983702508687323,-983702508687323,-0.000983702508687323,0.000124842946101856,2025-03-19 21:09:44.373624,False,eoa,,intermediate,0,0.10048305906345635
0xB1aDfc7a5E946cFB87a0671040411F45F349A88c,408993604238768743,0.40899360423876874,1,0,0.0,0,0.0,0.00123054873753528,2025-03-19 21:09:44.825952,False,eoa,,intermediate,0,0.2635974416955075
0x4db11Acf1EA39c3e713270f76b80721500615595,1304010729000,1.304010729e-06,1,686526340000000000,0.68652634,686526340000000000,0.68652634,0.0,2025-03-19 21:09:45.335747,False,eoa,,intermediate,0,0.4432636916042916
0x517dD4dE90E7beDbf8BEe7cd628DD010FF6d3543,941633128380284101,0.9416331283802841,1,0,0.0,0,0.0,0.000184603257785835,2025-03-19 21:09:45.593904,False,eoa,,intermediate,0,0.47665325135211367
0x6bCC21873bE28141a0e9BA30853Cc79E83b4942E,18084693475886119,0.018084693475886118,1,0,0.0,0,0.0,0.0002205540106,2025-03-19 21:09:46.315453,False,eoa,,intermediate,0,0.10723387739035445
0x95222290DD7278Aa3Ddd389Cc1E1d165CC4BAfe5,12660015233468575968,12.660015233468576,1,12867964298556432,0.012867964298556432,-12867964298556432,-0.012867964298556432,1.0921641093768e-05,2025-03-19 21:09:46.906891,False,eoa,,intermediate,0,5.167866482676997
0xd3FDDe15d41012f5e6B513D94a99614F14d45181,586786611020313926,0.5867866110203139,2,0,0.0,0,0.0,0.002291682342008096,2025-03-19 21:09:48.286297,False,eoa,,intermediate,0,0.4347146444081256
0x60A8A2B8AEeA672BD12459F75Be3d89A5cdf11B9,3338471238273164,0.003338471238273164,1,0,0.0,0,0.0,0.000372683773569128,2025-03-19 21:09:48.830209,False,eoa,,intermediate,0,0.10133538849530926
0x30A1B724c9DFe2e12A19ed84878312d199d1519E,4370783386009320066,4.37078338600932,1,1,1e-18,-1,-1e-18,0.00026401457095,2025-03-19 21:09:48.980008,False,eoa,,intermediate,0,1.8483133544037282
0x7621FB83Bc834c100791879520Da5B2ff9723389,959705472156777817,0.9597054721567778,1,0,0.0,0,0.0,0.001850777412756735,2025-03-19 21:09:49.527979,False,eoa,,intermediate,0,0.48388218886271117
0x00000000000124d994209fbB955E0217B5C2ECA1,912726602969044206,0.9127266029690442,1,787079800697762,0.000787079800697762,-787079800697762,-0.000787079800697762,0.000406176669176263,2025-03-19 21:09:49.954828,False,eoa,,intermediate,0,0.465326765127827
0x264bd8291fAE1D75DB2c5F573b07faA6715997B5,3275731059391097093953,3275.731059391097,2,13407070000000000,0.01340707,-13407070000000000,-0.01340707,0.00614272,2025-03-19 21:09:50.669094,False,eoa,,intermediate,0,1310.4964458774389
0x65FE783ae3e3Cf4D9FD1B51004d9c5E8B6ffF828,100111390000000000,0.10011139,1,13407070000000000,0.01340707,13407070000000000,0.01340707,0.0,2025-03-19 21:09:50.669077,False,eoa,,intermediate,0,0.146748091
0x81f3816fCD92B80547446e373db324CE0b06d7E5,10205055063412875,0.010205055063412875,1,0,0.0,0,0.0,0.000415612268644806,2025-03-19 21:09:51.030229,False,eoa,,intermediate,0,0.10408202202536515
0x215258e825dCC5A29021Cc02DBA8ff9bfb1B2397,3003308409893803880,3.003308409893804,1,0,0.0,0,0.0,0.00028874115156,2025-03-19 21:09:51.499574,False,eoa,,intermediate,0,1.3013233639575217
0xcc3A2c6f808E94412A9dc285A4e19F846C4Bed9B,88220364556733,8.8220364556733e-05,1,0,0.0,0,0.0,0.000221401457095,2025-03-19 21:09:51.677965,False,eoa,,intermediate,0,0.1000352881458227
0x03cfAA3ed812B138936085342F9AcF44876B4024,91452825830320,9.145282583032e-05,1,0,0.0,0,0.0,0.000221401457095,2025-03-19 21:09:51.978586,False,eoa,,intermediate,0,0.10003658113033213
0x90C4382bcC0ca6c802082301AE8b53d617Ec218f,104457098022025517,0.10445709802202552,1,0,0.0,0,0.0,0.000816153332823233,2025-03-19 21:09:52.177477,False,eoa,,intermediate,0,0.1417828392088102
0x71F8a616D36A3Bd43Cfbf857f64023832f617020,22719943389214542,0.022719943389214542,1,0,0.0,0,0.0,0.00012983727115148,2025-03-19 21:09:52.504068,False,eoa,,intermediate,0,0.10908797735568582
0xEbF1b307aE05EdF89982CCbfF0d1C9a805a0d772,2618881576184985,0.002618881576184985,1,74289514462292304,0.0742895144622923,-74289514462292304,-0.0742895144622923,0.000667675414162292,2025-03-19 21:09:52.999652,False,eoa,,intermediate,0,0.12333440696916169
0x5d982048f68E8045Ed021bf2b76685eC2eb27b7a,140172880685396739,0.14017288068539674,1,8000000000000000,0.008,-8000000000000000,-0.008,0.000968442634684766,2025-03-19 21:09:53.330892,False,eoa,,intermediate,0,0.1584691522741587
0xBEaBcdE19a620f62C425a13bC053751fF59883Ca,3022129791944320298,3.0221297919443204,1,0,0.0,0,0.0,4.7349522094276e-05,2025-03-19 21:09:53.701983,False,eoa,,intermediate,0,1.3088519167777284
0xA3938aFcEB8CD276F37e285C73F20180e2c23bF7,41747800631458563,0.04174780063145856,1,0,0.0,0,0.0,0.000169029964513653,2025-03-19 21:09:53.984632,False,eoa,,intermediate,0,0.11669912025258343
0x59FFA4327fdB73e72A47232d4DF68087d9803546,49344678017432,4.9344678017432e-05,1,10000000000000000,0.01,-10000000000000000,-0.01,1.9029701523e-05,2025-03-19 21:09:54.692135,False,eoa,,intermediate,0,0.10301973787120698
0x3dD82C4aE1E34Afdf957Cd69BD854D5e32AfaF95,10825269576517939258,10.82526957651794,2,31000000000000000,0.031,31000000000000000,0.031,0.0,2025-03-19 21:09:56.370045,False,eoa,,intermediate,0,4.545607830607175
0x90cCA87079Ca9FA743ae66595bB5733a3FD30D0F,10530970243317227,0.010530970243317226,1,0,0.0,0,0.0,8.5739679476271e-05,2025-03-19 21:09:55.331051,False,eoa,,intermediate,0,0.1042123880973269
0x2eA43Ee59cA2D25C41159e8d1f66CCb48178c234,14131451212000,1.4131451212e-05,1,2179441929026000,0.002179441929026,-2179441929026000,-0.002179441929026,1.9029701523e-05,2025-03-19 21:09:55.666078,False,eoa,,intermediate,0,0.10065948515919261
0xc28BBe3cCC73881C015fE0ca428bd0d33a97e03E,13044427834000,1.3044427834e-05,1,2179441929026000,0.002179441929026,2179441929026000,0.002179441929026,0.0,2025-03-19 21:09:55.863565,False,eoa,,intermediate,0,0.10109493873564661
0xab515CA672052a29d2366A184cFc87772C057Aee,183561445078396,0.000183561445078396,1,21000000000000000,0.021,-21000000000000000,-0.021,1.9029701523e-05,2025-03-19 21:09:56.370040,False,eoa,,intermediate,0,0.10637342457803137
0x1CE2304369d957fc1F0Dd32C983F445E449F4C7A,57280021197883302,0.0572800211978833,1,0,0.0,0,0.0,0.0002718528789,2025-03-19 21:09:56.722858,False,eoa,,intermediate,0,0.12291200847915333
0xB379FC8568D4B8F4AC13dd5C1350D08306931788,37168644376506653,0.03716864437650665,1,0,0.0,0,0.0,0.000130139597834482,2025-03-19 21:09:57.197772,False,eoa,,intermediate,0,0.11486745775060267
0x658236930C3E0B81c0d420acf954bd4A01c3bD25,316885887412304,0.000316885887412304,1,17725000000000000,0.017725,-17725000000000000,-0.017725,1.9029701523e-05,2025-03-19 21:09:57.919299,False,eoa,,intermediate,0,0.10544425435496493
0x7AF8E9611bCD1e0b7e4D44E9bA898b40B40B3ADD,0,0.0,1,17725000000000000,0.017725,17725000000000000,0.017725,0.0,2025-03-19 21:09:58.374641,False,eoa,,intermediate,0,0.1088625
0x6229e4d9802eB2433EE572c1feF827eD1529049F,47998921521321699,0.0479989215213217,1,0,0.0,0,0.0,6.3193107876568e-05,2025-03-19 21:09:58.898924,False,eoa,,intermediate,0,0.11919956860852869
0xe731495d69E1869A54FF7D8Dfa72330c2647B051,236272659000,2.36272659e-07,1,276137568567000,0.000276137568567,-276137568567000,-0.000276137568567,8.534624679e-06,2025-03-19 21:09:59.422947,False,eoa,,intermediate,0,0.1000829357796337
0xD84a18DB44d38eF718b75590F4840a26A130fC5A,63961975240998149,0.06396197524099814,1,276137568567000,0.000276137568567,276137568567000,0.000276137568567,0.0,2025-03-19 21:10:00.020579,False,eoa,,intermediate,0,0.12572285888068277
0x4838B106FCe9647Bdf1E7877BF73cE8B0BAD5f97,15395142138908899709,15.3951421389089,3,15166207085257165,0.015166207085257165,-15166207085257165,-0.015166207085257165,4.597509120897e-05,2025-03-19 21:10:43.087444,False,eoa,,intermediate,0,6.4626067176891375
0xC6093Fd9cc143F9f058938868b2df2daF9A91d28,1671107817951182023,1.671107817951182,1,1919829150475200,0.0019198291504752,1919829150475200,0.0019198291504752,0.0,2025-03-19 21:10:00.523484,False,eoa,,intermediate,0,0.7694030417557104
0x6d9899A65893b029B3154E822c4aF4A6c0F92E4b,14830000655493632,0.014830000655493633,1,230159016295516916,0.2301590162955169,-230159016295516916,-0.2301590162955169,0.00025688966875988,2025-03-19 21:10:01.115872,False,eoa,,intermediate,0,0.17497970515085254
0x3b699Ab06538ab79865A733f0F5418d1d57c6a2d,286029195384211762,0.2860291953842118,1,0,0.0,0,0.0,0.01089903,2025-03-19 21:10:01.606113,False,eoa,,intermediate,0,0.21441167815368473
0x780B65E2Dd54F9Fe9A8F2FA21469c587667e53E2,200000000000000,0.0002,1,200000000000000,0.0002,200000000000000,0.0002,0.0,2025-03-19 21:10:02.899980,False,eoa,,intermediate,0,0.10018
0x7c4DD101C2612943D82Cfb734C580C7Be7fe9753,200000000000000,0.0002,1,200000000000000,0.0002,200000000000000,0.0002,0.0,2025-03-19 21:10:03.053156,False,eoa,,intermediate,0,0.10018
0x823038a2547645Fc8126A0472afDd1447efe8cD5,352146000000000,0.000352146,1,200000000000000,0.0002,200000000000000,0.0002,0.0,2025-03-19 21:10:03.214155,False,eoa,,intermediate,0,0.10024085840000001
0x83E31192018e870D6e49040AFf841a7d1DbC768e,200000000000000,0.0002,1,200000000000000,0.0002,200000000000000,0.0002,0.0,2025-03-19 21:10:03.506306,False,eoa,,intermediate,0,0.10018
0x86caE90562c51AFDed9A3E3833F61C46dBbAD831,200000000000000,0.0002,1,200000000000000,0.0002,200000000000000,0.0002,0.0,2025-03-19 21:10:03.650571,False,eoa,,intermediate,0,0.10018
0x86fBaB26ce7e5f92DC77288ccd5592842C0d488E,200000000000000,0.0002,1,200000000000000,0.0002,200000000000000,0.0002,0.0,2025-03-19 21:10:04.228162,False,eoa,,intermediate,0,0.10018
0xB25995Ba07F2b1e5D71E605B6C19b2Eb73142943,1953715891971741042,1.953715891971741,1,0,0.0,0,0.0,0.0004812352526,2025-03-19 21:10:05.797558,False,eoa,,intermediate,0,0.8814863567886965
0xC43D847864cff66D3Ae713fD34E8452ae289a184,14426684669931261,0.01442668466993126,1,0,0.0,0,0.0,0.000185603538636516,2025-03-19 21:10:06.570761,False,eoa,,intermediate,0,0.10577067386797251
0x745b4C9d15Ec4631c8732C1F577DC8f34c79a7ff,6227833277673000,0.006227833277673,1,27399305663635000,0.027399305663635,-27399305663635000,-0.027399305663635,7.1529701523e-05,2025-03-19 21:10:07.093835,False,eoa,,intermediate,0,0.11071092501015971
0x0aBbc482FBD91DBF413E3D6Cc5622e03552AC13a,244376617416776721720,244.37661741677672,1,27399305663635000,0.027399305663635,27399305663635000,0.027399305663635,0.0,2025-03-19 21:10:07.269466,False,eoa,,intermediate,0,97.8643466195425
0xd9bA0eEA4a928e856835bFCa23f573B9d4560Eda,150271397829000,0.000150271397829,1,243256344380180600,0.2432563443801806,-243256344380180600,-0.2432563443801806,7.1529701523e-05,2025-03-19 21:10:07.441510,False,eoa,,intermediate,0,0.1730370118731858
0xf872bb04E2878d949Fe0030942674b60F077ac3c,90650353525724,9.0650353525724e-05,1,124285856789840,0.00012428585678984,124285856789840,0.00012428585678984,0.0,2025-03-19 21:10:07.707437,False,eoa,,intermediate,0,0.10009840306980522
0x333490FeFb0B6605B9B2f3ccecBbc43411c576b8,2517661335000,2.517661335e-06,1,29464250298477000,0.029464250298477,-29464250298477000,-0.029464250298477,5.0529701523e-05,2025-03-19 21:10:08.284572,False,eoa,,intermediate,0,0.10884028215407711
0x653B449dcC406B00c791EB2953cdd098372B4e2E,377616259447963256,0.37761625944796323,1,0,0.0,0,0.0,0.000562276475306118,2025-03-19 21:10:08.752195,False,eoa,,intermediate,0,0.2510465037791853
0x59384Eab1609Bc082Df40041ab3C17e367f8a217,77382000000000,7.7382e-05,1,160000000000000,0.00016,160000000000000,0.00016,0.0,2025-03-19 21:10:09.276871,False,eoa,,intermediate,0,0.1001109528
0x46340b20830761efd32832A74d7169B29FEB9758,17701605142836424607153,17701.605142836426,4,1473919311219919000,1.473919311219919,-1473919311219919000,-1.473919311219919,0.0028,2025-03-19 21:10:09.853047,False,eoa,,intermediate,0,4000.842175793366
0x1993F1cF5B508Fc9436d6f013644d896B8869cC6,557806789437952111,0.5578067894379521,1,557708000000000000,0.557708,557708000000000000,0.557708,0.0,2025-03-19 21:10:09.717409,False,eoa,,intermediate,0,0.6019767157751809
0xdA083f0b8362C55866170A80B20e6a1BFd1F1fA3,916211311219919000,0.916211311219919,1,916211311219919000,0.916211311219919,916211311219919000,0.916211311219919,0.0,2025-03-19 21:10:09.853035,False,eoa,,intermediate,0,0.9245901800979269
0xE26E49efA8430DdC6304eeF4A2e2f6375B0c90a7,25398000000000,2.5398e-05,1,94214000000000,9.4214e-05,94214000000000,9.4214e-05,0.0,2025-03-19 21:10:10.248857,False,eoa,,intermediate,0,0.10005726620000001
0xCB3241B5feF3B2A33d68675751C569f5650de832,2344901334465210,0.00234490133446521,1,0,0.0,0,0.0,9.1876360258488e-05,2025-03-19 21:10:10.446274,False,eoa,,intermediate,0,0.10093796053378609
0x98dBeF383CA37046958d42e3061C85fd5b9a8E66,792570069960435,0.000792570069960435,1,0,0.0,0,0.0,6.7189345196398e-05,2025-03-19 21:10:10.604458,False,eoa,,intermediate,0,0.10031702802798417
0x45300136662dD4e58fc0DF61E6290DFfD992B785,2622998349582368237040,2622.998349582368,2,757418600000000000,0.7574186,-757418600000000000,-0.7574186,0.00022498820208,2025-03-19 21:10:11.368754,False,eoa,,intermediate,0,1049.6265654129475
0x00dE2d38Cc01d552495840F86372BeE203f6d7E6,658969921813056000,0.658969921813056,1,657300000000000000,0.6573,657300000000000000,0.6573,0.0,2025-03-19 21:10:11.368735,False,eoa,,intermediate,0,0.6922379687252225
0xFe8408eb6FBa385a12576813E8d8D376A1A42064,20321375109374682291,20.32137510937468,1,100118600000000000,0.1001186,100118600000000000,0.1001186,0.0,2025-03-19 21:10:11.518790,False,eoa,,intermediate,0,8.278609343749872
0xE8A019286c23be1CbDCc1F6d5Dc768d9bF8100D2,470752193630861476,0.47075219363086146,1,0,0.0,0,0.0,6.0360959648704e-05,2025-03-19 21:10:11.811581,False,eoa,,intermediate,0,0.28830087745234456
0xE0ef81da5197D8782C1342630385805027f0F787,1365130146896248,0.001365130146896248,1,50000000000000000,0.05,-50000000000000000,-0.05,0.000609455573302744,2025-03-19 21:10:12.334036,False,eoa,,intermediate,0,0.11554605205875851
0x338e99b2cC293c8d2B7A269157b9897ae3eF10BE,252111459106329,0.000252111459106329,1,151291361905749,0.000151291361905749,-151291361905749,-0.000151291361905749,0.000175560545590287,2025-03-19 21:10:12.502689,False,eoa,,intermediate,0,0.10014623199221426
0x04A90758B1A466d7AAd4319eAAc23A881E1ACBE9,0,0.0,1,137259320000000000,0.13725932,-137259320000000000,-0.13725932,2.268e-05,2025-03-19 21:10:13.015175,False,eoa,,intermediate,0,0.141177796
0x5839b4DCd3e0Cc36fb35d87441297E41828Fe23E,137259320000000000,0.13725932,1,137259320000000000,0.13725932,137259320000000000,0.13725932,0.0,2025-03-19 21:10:13.387488,False,eoa,,intermediate,0,0.223533388
0x56abBBF288E04A3321D53A014db2C5741E76cF27,4545573303272627,0.004545573303272627,1,0,0.0,0,0.0,4.2705806437008e-05,2025-03-19 21:10:13.525027,False,eoa,,intermediate,0,0.10181822932130906
0xD12dbea0139315960770EE961E067404af4C0fDe,1044218085270514130,1.044218085270514,1,1000000000000000000,1.0,-1000000000000000000,-1.0,2.1129701523e-05,2025-03-19 21:10:13.720583,False,eoa,,intermediate,0,0.8176872341082057
0x2d114AC9D2811B0461C8101c5a76Ef369B85008D,21061392092224344000,21.061392092224345,1,1000000000000000000,1.0,1000000000000000000,1.0,0.0,2025-03-19 21:10:14.008596,False,eoa,,intermediate,0,9.024556836889738
0x458C2A06ba8dC3dEF078513ad98e9da8ceD39E02,8140629324454150000,8.14062932445415,1,123810000000000,0.00012381,-123810000000000,-0.00012381,2.2e-05,2025-03-19 21:10:14.175280,False,eoa,,intermediate,0,3.35628887278166
0x3dC19a4a3E312080cB1aF2A91786102DeBfDaD54,84645000000000,8.4645e-05,1,123810000000000,0.00012381,123810000000000,0.00012381,0.0,2025-03-19 21:10:14.504605,False,eoa,,intermediate,0,0.100095763
0xEbA88149813BEc1cCcccFDb0daCEFaaa5DE94cB1,5397536339361345137,5.397536339361345,1,96211230000000000,0.09621123,-96211230000000000,-0.09621123,6e-05,2025-03-19 21:10:14.688364,False,eoa,,intermediate,0,2.2878779047445383
0xc977C6E2302D67290a93A49bC2f36fF7E6a248b3,96251281904004000,0.096251281904004,1,96211230000000000,0.09621123,96211230000000000,0.09621123,0.0,2025-03-19 21:10:14.957854,False,eoa,,intermediate,0,0.18660612776160163
0xD9FA892F20707EDe992cb8575b19B72b9b944BD5,60000000000000,6e-05,1,60000000000000,6e-05,60000000000000,6e-05,0.0,2025-03-19 21:10:15.104192,False,eoa,,intermediate,0,0.100054
0x60c0478b4E1cf66484EA83F133b94B35C046909b,4623310408413476,0.004623310408413476,1,0,0.0,0,0.0,0.000108827238304985,2025-03-19 21:10:15.482640,False,eoa,,intermediate,0,0.1018493241633654
0xDe5899E1a943BED9159ad28E9C6497F0245662C6,14008354665803358,0.014008354665803358,1,0,0.0,0,0.0,3.2353602422328e-05,2025-03-19 21:10:15.791776,False,eoa,,intermediate,0,0.10560334186632135
0xCA732469b336831FCbe82BF96206a8F5403b2E9C,396607707944617277,0.39660770794461725,1,1100000000000000000,1.1,-1100000000000000000,-1.1,9.2545971588207e-05,2025-03-19 21:10:16.074618,False,eoa,,intermediate,0,0.588643083177847
0x5BF6681a73A33A076c5569a4E729f41Ae20BD901,123364044047193529,0.12336404404719353,1,7000000000000000000,7.0,-7000000000000000000,-7.0,7.7573218994115e-05,2025-03-19 21:10:16.225722,False,eoa,,intermediate,0,2.2493456176188777
0x7727b7BB7Bd1395dA28dfF878a4935DD55e3D744,1328448275774715,0.001328448275774715,1,11966060225217600,0.0119660602252176,11966060225217600,0.0119660602252176,0.0,2025-03-19 21:10:16.778984,False,eoa,,intermediate,0,0.10651440942291869
0x303aa9325553eD5d92cAC9a975146B2BAF53dFc8,1167072730444800,0.0011670727304448,1,1167072730444800,0.0011670727304448,1167072730444800,0.0011670727304448,0.0,2025-03-19 21:10:17.056688,False,eoa,,intermediate,0,0.10105036545740033
0x5e5F4BD175dB70f437397b497e23638D445C9313,2100000000000,2.1e-06,1,0,0.0,0,0.0,6.3947952703647e-05,2025-03-19 21:10:17.209359,False,eoa,,intermediate,0,0.10000084000000001
0xcF8E80F30F21Cc610c9e0c2472c8DEB2BE3277Cb,47371148600000000,0.0473711486,1,0,0.0,0,0.0,0.00018,2025-03-19 21:10:17.756375,False,eoa,,intermediate,0,0.11894845944000002
0xfc9928F6590D853752824B0B403A6AE36785e535,1989843928118600310,1.9898439281186002,1,715255737,7.15255737e-10,-715255737,-7.15255737e-10,0.000184443348047625,2025-03-19 21:10:18.324934,False,eoa,,intermediate,0,0.8959375714620168
0xfdb4175aeC84582715EEEF12Ef3E84BbeA9419e2,23463816707886648,0.023463816707886647,1,0,0.0,0,0.0,9.3004760324177e-05,2025-03-19 21:10:18.882792,False,eoa,,intermediate,0,0.10938552668315467
0x96dAC2Fdb27F720e538e8057Eb72dc6d89025709,3952458134543284,0.003952458134543284,1,0,0.0,0,0.0,3.1903277504364e-05,2025-03-19 21:10:19.316231,False,eoa,,intermediate,0,0.10158098325381731
0xb04c11007AbF780CAF1deF30C626f7Ae2f7A611F,1286308093124585,0.001286308093124585,2,0,0.0,0,0.0,0.000145653738207039,2025-03-19 21:10:19.785886,False,eoa,,intermediate,0,0.20051452323724986
0x9c4Ebb54625b1E93E987E287fa832BD2e0a854b7,3757071318720870448,3.7570713187208704,1,0,0.0,0,0.0,0.000219475312830735,2025-03-19 21:10:19.933624,False,eoa,,intermediate,0,1.6028285274883483
0xfC056a5EC516c3AADF5d09B9B9B2c0faD53b335a,2984322054840469317,2.984322054840469,1,25000000000000000,0.025,-25000000000000000,-0.025,2.9529701523e-05,2025-03-19 21:10:20.239676,False,eoa,,intermediate,0,1.3012288219361878
0xE722cE7C56FD165b91265622A7348c6606C18Ec6,1390883130842904899,1.3908831308429048,1,25000000000000000,0.025,25000000000000000,0.025,0.0,2025-03-19 21:10:20.374874,False,eoa,,intermediate,0,0.6688532523371619
0xF1cBcA927e32aaa876d6280916e10D3B6947404b,4564457429815424,0.004564457429815424,1,5000000000000000,0.005,-5000000000000000,-0.005,2.9529701523e-05,2025-03-19 21:10:20.547624,False,eoa,,intermediate,0,0.10332578297192617
0xcdca491946D019434FA2DdA730cDB6Cac3267eF4,83691481319565715,0.08369148131956572,1,5000000000000000,0.005,5000000000000000,0.005,0.0,2025-03-19 21:10:20.683880,False,eoa,,intermediate,0,0.1359765925278263
0x1628793F1Dc7dddcFFe6F4BC8582887071815AF2,0,0.0,1,4000000000000000,0.004,-4000000000000000,-0.004,2.9529701523e-05,2025-03-19 21:10:20.841030,False,eoa,,intermediate,0,0.10120000000000001
0x9Ef2150671270e7BbF397282300c0700e002dDf5,7025789524059292,0.007025789524059292,1,4000000000000000,0.004,4000000000000000,0.004,0.0,2025-03-19 21:10:20.980224,False,eoa,,intermediate,0,0.10481031580962372
0x59b2DbdeB0Ce8B2De4844BB84673A4b1D9C80fF6,67665590129742,6.7665590129742e-05,1,0,0.0,0,0.0,2.8350789752142e-05,2025-03-19 21:10:21.148703,False,eoa,,intermediate,0,0.1000270662360519
0x371464aEFbe36100401d2F27597e719aa76836E1,14696041570540441,0.014696041570540441,1,0,0.0,0,0.0,2.6509060657794e-05,2025-03-19 21:10:21.443996,False,eoa,,intermediate,0,0.10587841662821618
0xC830E01Fc2a6c7D83674FA9C5ea6a3BE51aBFd3d,3933582682988892,0.003933582682988892,1,20630806480074,2.0630806480074e-05,-20630806480074,-2.0630806480074e-05,9.398592882e-06,2025-03-19 21:10:21.768242,False,eoa,,intermediate,0,0.10157962231513959
0x71ABa58BA648f42d08A68deCd87C5eb057c16810,2148249801600,2.1482498016e-06,2,20630806480074,2.0630806480074e-05,20630806480074,2.0630806480074e-05,2.0630806480074e-05,2025-03-19 21:10:21.923837,False,eoa,,intermediate,0,0.20001117470316068
0x3E92e63457432669f9011bfc6F6454D9Fc9e5f75,62699640205236716,0.06269964020523672,1,5842880838278283,0.005842880838278283,5842880838278283,0.005842880838278283,0.0,2025-03-19 21:10:22.128345,False,eoa,,intermediate,0,0.12800129650123385
0x04f425353078f22b2AcF34D8b35882AAA800D685,2669176430367166,0.002669176430367166,1,3000000000000000,0.003,-3000000000000000,-0.003,5.1279965931221e-05,2025-03-19 21:10:22.261614,False,eoa,,intermediate,0,0.10196767057214687
0xF08923eCB8aBbeD2bbB1B115C8a22b031D16ee0e,6382908110518418619,6.382908110518419,1,1000000000000,1e-06,1000000000000,1e-06,0.0,2025-03-19 21:10:22.645793,False,eoa,,intermediate,0,2.653163744207368
0x21DC8550b0A8d8778917E7510aD8001E383A4F09,0,0.0,1,3266215465370484,0.003266215465370484,3266215465370484,0.003266215465370484,0.0,2025-03-19 21:10:22.924118,False,eoa,,intermediate,0,0.10163310773268525
0x381b6412AA1e620f6d4D91158320E4205C17DdB5,2257758384000,2.257758384e-06,1,20643077707695000,0.020643077707695,-20643077707695000,-0.020643077707695,1.0629701523e-05,2025-03-19 21:10:23.415583,False,eoa,,intermediate,0,0.10619382641566211
0xAd75BE91aE963688589763E3f7443f18610A25d5,12479153253000,1.2479153253e-05,1,20643077707695000,0.020643077707695,20643077707695000,0.020643077707695,0.0,2025-03-19 21:10:23.616405,False,eoa,,intermediate,0,0.11032653051514871
0xd525F4f2799EBf0D89a01DeA169179C3fE07c99a,0,0.0,1,19057606292335000,0.019057606292335,-19057606292335000,-0.019057606292335,1.0493707665e-05,2025-03-19 21:10:24.135156,False,eoa,,intermediate,0,0.1057172818877005
0x82A53178e7A7e454ab31eEA6063FdcA338418F74,1041499303598128439,1.0414993035981284,1,0,0.0,0,0.0,8.69846646e-05,2025-03-19 21:10:24.590517,False,eoa,,intermediate,0,0.5165997214392514
0x83BB46d1352222d436bC9196A87bB4E430BEFA74,462794841385342856,0.4627948413853429,1,0,0.0,0,0.0,3.777734754e-05,2025-03-19 21:10:25.261136,False,eoa,,intermediate,0,0.2851179365541372
0x11dbF181dD5c075C2abD92Cb9579c4809406b5Be,6159648696694478028506,6159.648696694478,1,0,0.0,0,0.0,7.5387622856e-05,2025-03-19 21:10:26.230766,False,eoa,,intermediate,0,2463.959478677791
0x4054Eb393DBAAF26A7c9dbec96dCcb0415093239,2299193418900916,0.002299193418900916,1,65000000000000000,0.065,-65000000000000000,-0.065,0.00011381999510664,2025-03-19 21:10:26.731067,False,eoa,,intermediate,0,0.12041967736756037
0xB538174684D3e22187c2886D0C2fC606e91AdD8f,19810658750270784,0.019810658750270785,1,0,0.0,0,0.0,0.000130573884317607,2025-03-19 21:10:27.714077,False,eoa,,intermediate,0,0.10792426350010832
0x54Cb2Db9C032Dac8E2252d0f8607153E3E85e11F,680259846244430,0.00068025984624443,1,10283868669900,1.02838686699e-05,-10283868669900,-1.02838686699e-05,0.00013719198462939,2025-03-19 21:10:28.238390,False,eoa,,intermediate,0,0.10027518909909874
0xa62CC7D1785D9090F83bBD11AA3Caa91526e5cAD,3619580505872908,0.003619580505872908,1,100000000000000,0.0001,-100000000000000,-0.0001,8.235554884227e-05,2025-03-19 21:10:28.763691,False,eoa,,intermediate,0,0.10147783220234917
0x9ff72fFA9220c5c03DF2b1a245CA884E5bA8e092,627400487653564544,0.6274004876535646,1,45637554318156,4.5637554318156e-05,-45637554318156,-4.5637554318156e-05,1.43446544978e-05,2025-03-19 21:10:29.312082,False,eoa,,intermediate,0,0.3509738863277213
0xF80dF8d66B7240Bc9F89E1044771d99D96A21fC1,29165140713146,2.9165140713146e-05,1,45637554318156,4.5637554318156e-05,45637554318156,4.5637554318156e-05,0.0,2025-03-19 21:10:29.479645,False,eoa,,intermediate,0,0.10003448483344435
0xadA3Cdc3b6f0927c15f93E73215a41B12EF0cF1e,72428502879587291320,72.42850287958728,1,0,0.0,0,0.0,0.000145707258016467,2025-03-19 21:10:29.907565,False,eoa,,intermediate,0,29.071401151834916
0x466B037ace44C0134Dcebd965A4a22Aed6DEA027,62135440361830646534,62.135440361830646,1,0,0.0,0,0.0,0.000294031068301914,2025-03-19 21:10:30.766681,False,eoa,,intermediate,0,24.954176144732262
0xCfC0F98f30742B6d880f90155d4EbB885e55aB33,97728005172727395896,97.72800517272739,1,2311599314590900,0.0023115993145909,-2311599314590900,-0.0023115993145909,8.550701523e-06,2025-03-19 21:10:31.287040,False,eoa,,intermediate,0,39.19189554888534
0xA7DFdCF232027722b57b10AAA184c6b04642D474,2311599314590900,0.0023115993145909,1,2311599314590900,0.0023115993145909,2311599314590900,0.0023115993145909,0.0,2025-03-19 21:10:31.446907,False,eoa,,intermediate,0,0.10208043938313181
0xA55fE722b96B1f4231DE1A7613f9184390780b7E,188447748591071678,0.1884477485910717,1,0,0.0,0,0.0,2.6998292690387e-05,2025-03-19 21:10:31.742371,False,eoa,,intermediate,0,0.17537909943642868
0xB2B18C223114424c703cA8A4Fab9Ff5236485e9E,3456365010000,3.45636501e-06,1,6453097192975000,0.006453097192975,-6453097192975000,-0.006453097192975,8.534938923e-06,2025-03-19 21:10:31.955695,False,eoa,,intermediate,0,0.1019373117038965
0x8195D3496305D2DbE43B21d51e6cC77B6C9C8364,77479381305397943690,77.47938130539795,5,71774848605645000,0.071774848605645,71774848605645000,0.071774848605645,0.0,2025-03-19 21:10:33.051920,False,eoa,,intermediate,0,31.527639946462003
0x51f570513dd3936135dA911f2Be33E8d6736F769,2972380614000,2.972380614e-06,1,16185692680463000,0.016185692680463,-16185692680463000,-0.016185692680463,8.534938923e-06,2025-03-19 21:10:32.431327,False,eoa,,intermediate,0,0.1048568967563845
0x5CcE4aa2e77b2F5b20FD5d25e57dAd6F1d9B4abd,3340043007000,3.340043007e-06,1,25973225018070000,0.02597322501807,-25973225018070000,-0.02597322501807,8.534938923e-06,2025-03-19 21:10:32.564357,False,eoa,,intermediate,0,0.10779330352262381
0xC5b45c7E0a6691b6622a795aEcA0901e5A35b5a6,3456365010000,3.45636501e-06,1,10234008696067000,0.010234008696067,-10234008696067000,-0.010234008696067,8.534938923e-06,2025-03-19 21:10:32.854198,False,eoa,,intermediate,0,0.1030715851548241
0x23ecc7BdD7BA96f0e4ea68FD4D84246E5Dcc07C0,3340043007000,3.340043007e-06,1,12928825018070000,0.01292882501807,-12928825018070000,-0.01292882501807,8.534938923e-06,2025-03-19 21:10:33.051914,False,eoa,,intermediate,0,0.1038799835226238
0x692D33107a15D8f099817e542e8ec7cE6BEB66e7,2972380614000,2.972380614e-06,1,128020610847415156,0.12802061084741514,-128020610847415156,-0.12802061084741514,8.533367703e-06,2025-03-19 21:10:33.681629,False,eoa,,intermediate,0,0.13840737220647015
0xDFaa75323fB721e5f29D43859390f62Cc4B600b8,870256616190025041931,870.256616190025,1,128020610847415156,0.12802061084741514,128020610847415156,0.12802061084741514,0.0,2025-03-19 21:10:34.555511,False,eoa,,intermediate,0,348.26665678143377
0x2759bC7b8f9F2b47eEeFFB2f5751E0CFF3fF1aD8,6315144329683991870,6.315144329683992,1,159410500000000000,0.1594105,-159410500000000000,-0.1594105,2.437805778e-05,2025-03-19 21:10:34.709521,False,eoa,,intermediate,0,2.6738808818735973
0x5a5E8B44B00D4884Db5928AC1669E65A64EE6D1c,159410500000000000,0.1594105,1,159410500000000000,0.1594105,159410500000000000,0.1594105,0.0,2025-03-19 21:10:34.968956,False,eoa,,intermediate,0,0.24346945
0xCBD6832Ebc203e49E2B771897067fce3c58575ac,3328402028768059861519,3328.40202876806,1,2037160000000000000,2.03716,-2037160000000000000,-2.03716,3.656708667e-05,2025-03-19 21:10:35.118979,False,eoa,,intermediate,0,1332.071959507224
0xaf262cE79efd1FB3d87AB1B5326f890Cf2b962B3,12479153253000,1.2479153253e-05,1,2037160000000000000,2.03716,2037160000000000000,2.03716,0.0,2025-03-19 21:10:35.483640,False,eoa,,intermediate,0,1.1185849916613013
0x0318fb4742BD77912c5136291d2C7ab690f4D1Ed,4065020295523469,0.004065020295523469,1,0,0.0,0,0.0,2.5432002478022e-05,2025-03-19 21:10:35.650554,False,eoa,,intermediate,0,0.10162600811820939
0x424507A08F074CD7Ae6Eae5cd0dFF22c2eA3F7D5,14113426797370132,0.014113426797370132,1,0,0.0,0,0.0,1.9848208343513e-05,2025-03-19 21:10:36.097114,False,eoa,,intermediate,0,0.10564537071894806
0x94561c13ca4e85dB774a56736f19b67A5A5E0666,26387443447025983,0.026387443447025982,1,0,0.0,0,0.0,1.4697937336525e-05,2025-03-19 21:10:36.649897,False,eoa,,intermediate,0,0.1105549773788104
0x2c239A6e3Df3445033C301995616E46ed99486f1,11824751706620634,0.011824751706620633,1,5642088029087,5.642088029087e-06,-5642088029087,-5.642088029087e-06,1.1804668179002e-05,2025-03-19 21:10:36.815808,False,eoa,,intermediate,0,0.10473159330905699
0x0bFe29De89a117aD48E2b63915C973EbCb6be5F6,12171630239287439,0.01217163023928744,1,10147829954136,1.0147829954136e-05,-10147829954136,-1.0147829954136e-05,1.1799792567446e-05,2025-03-19 21:10:37.224836,False,eoa,,intermediate,0,0.10487169644470122
0x7991d9D0E1449fD0e4C02f52a8DF2D63d096D1E9,16228263759293982,0.01622826375929398,2,10701854996690,1.070185499669e-05,0,0.0,8.532320223e-06,2025-03-19 21:10:37.649000,False,eoa,,intermediate,0,0.2064945160602166
0x5B43453FCE04b92E190f391a83136bfBeCEDEFd1,1973371475546052409,1.9733714755460523,1,22085291,2.2085291e-11,-22085291,-2.2085291e-11,5.9254578656758e-05,2025-03-19 21:10:37.811439,False,eoa,,intermediate,0,0.8893485902250465
0x4c5f6AD6628D205259443ebcF6cc4cDD7D6cbf81,157767583959389667,0.15776758395938967,1,0,0.0,0,0.0,0.000387022032875,2025-03-19 21:10:38.301509,False,eoa,,intermediate,0,0.1631070335837559
0x42C31B4Ada1963B5235737901264A61A6920CE5D,252780311321338611,0.2527803113213386,1,0,0.0,0,0.0,0.001086009856765912,2025-03-19 21:10:38.655577,False,eoa,,intermediate,0,0.20111212452853544
0x97090eca285AE7c4Ce87c5Bc989fe9eE8Bd285EF,925475318838947,0.000925475318838947,1,50000000000000000,0.05,-50000000000000000,-0.05,0.000352145909190564,2025-03-19 21:10:39.181782,False,eoa,,intermediate,0,0.11537019012753558
0x1350Ce0b8D12d37ce35C6F321b5845f831bfd191,9361860988382636,0.009361860988382636,1,3000000000000000,0.003,-3000000000000000,-0.003,0.0002425881315,2025-03-19 21:10:39.345647,False,eoa,,intermediate,0,0.10464474439535305
0x3B6EF49e2EeBF045e86e0eaB64B704e524bD686a,6624184950181129,0.006624184950181129,1,12000000000000000,0.012,-12000000000000000,-0.012,0.000158475229216426,2025-03-19 21:10:39.861643,False,eoa,,intermediate,0,0.10624967398007246
0x965Df5Ff6116C395187E288e5C87fb96CfB8141c,1852144660782028962,1.8521446607820289,1,11190820022790,1.119082002279e-05,11190820022790,1.119082002279e-05,0.0,2025-03-19 21:10:40.379960,False,eoa,,intermediate,0,0.8408634597228231
0x4656193c723FB1865feF1316567751edaac9d7c7,0,0.0,1,33516790000000000,0.03351679,-33516790000000000,-0.03351679,0.000945,2025-03-19 21:10:40.682334,False,eoa,,intermediate,0,0.11005503700000001
0xa35723947D25bDCf0714f19bE9bD9779B293128D,227030939219297098046,227.0309392192971,1,33516790000000000,0.03351679,33516790000000000,0.03351679,0.0,2025-03-19 21:10:40.852825,False,eoa,,intermediate,0,90.92913408271883
0x72EaFF683402444d7Be17b2d3C8a827a8a6774aC,13999840900600276,0.013999840900600276,1,10000000000000000,0.01,-10000000000000000,-0.01,0.000929053374083068,2025-03-19 21:10:41.005234,False,eoa,,intermediate,0,0.10859993636024012
0x12706e0489F5e1a499A24C827FcBbb335Aa7C0d6,4935823276440644,0.004935823276440644,1,17230000000000000,0.01723,-17230000000000000,-0.01723,0.000779408958559848,2025-03-19 21:10:41.438415,False,eoa,,intermediate,0,0.10714332931057627
0xEce90926E2fD4Cf4D159093D2fF697eeB77cafB0,0,0.0,1,12958000000000000,0.012958,-12958000000000000,-0.012958,4.2e-05,2025-03-19 21:10:41.866081,False,eoa,,intermediate,0,0.1038874
0x8BfB17e80347501f2C8e6e2421baF40E34Ba67f8,200000000000000,0.0002,1,200000000000000,0.0002,200000000000000,0.0002,0.0,2025-03-19 21:10:42.039568,False,eoa,,intermediate,0,0.10018
0xdd3d72C53Ff982ff59853da71158bf1538b3Ceee,6377583377501481437,6.377583377501481,1,0,0.0,0,0.0,6.8499e-05,2025-03-19 21:10:42.325937,False,eoa,,intermediate,0,2.6510333510005926
0xdBBE3D8c2d2b22A2611c5A94A9a12C2fCD49Eb29,3812505491905656416,3.8125054919056565,1,0,0.0,0,0.0,0.000113739701523,2025-03-19 21:10:42.485109,False,eoa,,intermediate,0,1.6250021967622628
0xff00000000000000000000000000000000000480,1000000000000000,0.001,1,0,0.0,0,0.0,0.0,2025-03-19 21:10:42.753173,False,eoa,,intermediate,0,0.1004
0x903a0B19c6aBA2F5e43bb9a427D899d3dcc28e83,3264187158316503838,3.2641871583165036,1,0,0.0,0,0.0,0.000107976727094204,2025-03-19 21:10:42.909757,False,eoa,,intermediate,0,1.4056748633266016
